"V3","V4","V5","V6","V7","V8","V9","V10","V2"
0.521037436698377,0.022658099425093,0.545988528781701,0.36373276776246,0.593752821160964,0.792037298325256,0.703139643861293,0.731113320079523,1
0.643144493350372,0.272573554277984,0.61578329071937,0.501590668080594,0.289879931389365,0.181767989693884,0.20360824742268,0.34875745526839,1
0.601495574802404,0.390260399053094,0.595743210559049,0.449416755037116,0.514308928410219,0.431016502055089,0.462511715089035,0.635685884691849,1
0.210090397084576,0.360838687859317,0.233501485730081,0.102905620360551,0.811320754716981,0.811361266179989,0.565604498594189,0.52286282306163,1
0.629892564721473,0.156577612445046,0.630986110151337,0.489289501590668,0.430351178116819,0.347892767314889,0.463917525773196,0.518389662027833,1
0.25883856311231,0.2025701724721,0.26798424435077,0.141505832449629,0.678613342962896,0.461996196552359,0.369728209934395,0.402037773359841,1
0.53334279899664,0.347311464321948,0.523875336880658,0.380275715800636,0.3791640335831,0.274891110974787,0.264058106841612,0.36779324055666,1
0.318472241942354,0.376056814338857,0.320710386289821,0.184262990455992,0.59826667870362,0.445126065885528,0.219447047797563,0.297465208747515,1
0.28486913720479,0.409536692593845,0.302052380623316,0.159618239660657,0.67409948542024,0.533157475001534,0.435567010309278,0.46486083499006,1
0.259311846277628,0.484612783226243,0.277658765807477,0.140996818663839,0.595558364178027,0.675480031899883,0.532567947516401,0.424602385685885,1
0.427800653130768,0.457558336151505,0.407090042153272,0.277539766702015,0.265685654960729,0.145113796699589,0.0772961574507966,0.165159045725646,1
0.416441857163141,0.276631721339195,0.41330937737544,0.270413573700954,0.401462489843821,0.336850499969327,0.233223992502343,0.328330019880716,1
0.576884850205878,0.510314507947244,0.612328104484832,0.415482502651113,0.404170804369414,0.694497270106128,0.483833177132146,0.555666003976143,1
0.419754839320365,0.481569157930335,0.414000414622348,0.271134676564157,0.283289699377088,0.247898901907858,0.232849109653233,0.266600397614314,1
0.31941880827299,0.436252959080149,0.34420565268468,0.184432661717921,0.545905931208811,0.643886878105638,0.498594189315839,0.398856858846919,1
0.357754744663732,0.602975989178221,0.365835118512888,0.218579003181336,0.553128103277061,0.429789583461137,0.384020618556701,0.366003976143141,1
0.364380708978182,0.352384173148461,0.352083477299426,0.229480381760339,0.41563600252776,0.161401141034292,0.173266166822868,0.261381709741551,1
0.433006767949264,0.370984105512344,0.444406053486283,0.27796394485684,0.581114020041528,0.560763143365438,0.403467666354264,0.510934393638171,1
0.607174972786218,0.420696652012174,0.595743210559049,0.473594909862142,0.412386025097048,0.255567143120054,0.346532333645736,0.4720675944334,1
0.310426428131951,0.157253973621914,0.301775965724553,0.179342523860021,0.407691613252686,0.189896325378811,0.156138706654171,0.237624254473161,0
0.288655402527332,0.202908353060534,0.289129984106143,0.159703075291622,0.495350726731064,0.330102447702595,0.107029053420806,0.154572564612326,0
0.119409342609683,0.0923233006425431,0.114366664363209,0.0553128313891834,0.449309379795974,0.139684681921355,0.0692596063730084,0.103180914512922,0
0.395617397889157,0.153872167737572,0.405707967659457,0.237921527041357,0.493545183714002,0.595423593644562,0.486644798500469,0.484890656063618,1
0.671068200104122,0.45079472438282,0.645497892336397,0.534676564156946,0.376004333303241,0.254033494877615,0.257029053420806,0.429025844930418,1
0.45761749254579,0.394656746702739,0.457535761177527,0.322841993637328,0.536878216123499,0.387460891969818,0.357310215557638,0.455765407554672,1
0.480808367646363,0.226242813662496,0.498997995991984,0.32627783669141,0.595558364178027,0.638672474081345,0.522258669165886,0.696322067594433,1
0.359647877325004,0.399729455529253,0.37053417179186,0.212640509013786,0.476392525051909,0.513526777498313,0.333880037488285,0.436530815109344,1
0.550380992948081,0.356442340209672,0.541151268053348,0.403181336161188,0.377087659113478,0.267529599411079,0.349109653233365,0.384244532803181,1
0.393724265227886,0.526208995603652,0.405016930412549,0.249798515376458,0.501670127290783,0.461076007606895,0.394329896907216,0.434940357852883,1
0.501159543755029,0.180588434223876,0.492087623522908,0.344262990455992,0.413830459510698,0.295441997423471,0.231373008434864,0.395278330019881,1
0.551327559278716,0.520798106188705,0.559809273719853,0.400636267232238,0.485420240137221,0.519354640819582,0.543345829428304,0.618290258449304,1
0.229968290027924,0.304024349002367,0.235920116094258,0.126023329798515,0.526044958021125,0.405557941230599,0.285379568884724,0.257554671968191,1
0.475128969662549,0.482583699695637,0.47688480409094,0.320593849416755,0.60548885077187,0.399423348260843,0.56630740393627,0.597912524850895,1
0.581617681859056,0.566790666215759,0.581231428373989,0.432025450689289,0.373566850230207,0.467824059873627,0.388238050609185,0.377385685884692,1
0.433006767949264,0.276293540750761,0.436804643770299,0.28152704135737,0.463753723932473,0.418747316115576,0.317244611059044,0.385288270377734,1
0.46187704103365,0.401758539059858,0.458226798424435,0.307953340402969,0.392434774758509,0.350346604502791,0.315838800374883,0.299105367793241,1
0.344029532869516,0.406154886709503,0.344412963858752,0.20763520678685,0.411663807890223,0.277344948162689,0.30904404873477,0.278230616302187,1
0.286288986700743,0.294555292526209,0.268260659249534,0.161314952279958,0.335831001173603,0.056070179743574,0.0600281162136832,0.145278330019881,0
0.379052487103034,0.523841731484613,0.357611775274687,0.235546129374337,0.372302970118263,0.0979387767621618,0.0561855670103093,0.144085487077535,1
0.307586729140045,0.375718633750423,0.308271715845484,0.176330858960764,0.442087207727724,0.325501502975278,0.249062792877226,0.270328031809145,1
0.305693596478773,0.401420358471424,0.292930688964135,0.177942735949099,0.261713460323192,0.125544445126066,0.0728678537956888,0.100944333996024,1
0.187846088314639,0.393642204937437,0.194250570105729,0.096542948038176,0.632571996027805,0.314152505981228,0.244611059044049,0.28175944333996,1
0.5721520185527,0.510652688535678,0.58399557736162,0.407423117709438,0.344678161957209,0.612293724311392,0.493673851921275,0.495079522862823,1
0.298121065833688,0.357456881974975,0.300808513578882,0.170392364793213,0.464656495441004,0.381019569351574,0.230716963448922,0.306063618290258,1
0.292914951015192,0.409198512005411,0.287678805887637,0.16458112407211,0.401823598447233,0.26170173608981,0.193509840674789,0.2610337972167,1
0.552274125609352,0.266824484274603,0.55220786400387,0.395546129374337,0.517017242935813,0.457701981473529,0.462511715089035,0.501491053677932,1
0.0575039045861139,0.241122759553602,0.0547301499550826,0.0247720042417815,0.301254852396858,0.122845224219373,0.0372071227741331,0.0294085487077535,0
0.292914951015192,0.30267162664863,0.29154861447032,0.165896076352068,0.570280761939153,0.31813999141157,0.287253983130272,0.364811133200795,1
0.239907236499598,0.166384849509638,0.236680257065856,0.129713679745493,0.455628780355692,0.219434390528188,0.154451733833177,0.136630218687873,0
0.308060012305362,0.425769360838688,0.297975260866561,0.177094379639449,0.314976979326533,0.176676277528986,0.111316776007498,0.168190854870775,0
0.226182024705381,0.402096719648292,0.213737820468523,0.120636267232238,0.304595106978424,0.0928777375621128,0.0388238050609185,0.0554174950298211,0
0.315159259785129,0.22421373013189,0.300048372607283,0.181675503711559,0.218651259366254,0.126403288141832,0.0435098406747891,0.0856361829025845,0
0.234701121681102,0.288468041934393,0.220579089212909,0.12475079533404,0.270650898257651,0.0862830501196246,0.0462043111527648,0.0670477137176938,0
0.531922949500686,0.304024349002367,0.528712597609011,0.377306468716861,0.561253046853841,0.396049322127477,0.415182755388941,0.526838966202783,1
0.38425860192153,0.41630030436253,0.369497615921498,0.241484623541888,0.342421233185881,0.157751058217287,0.123078725398313,0.165705765407555,1
0.214823228737754,0.305715251944538,0.204201506461198,0.112619300106045,0.38467093978514,0.108428930740445,0.0711340206185567,0.113220675944334,0
0.57877798286715,0.299628001352722,0.564646534448207,0.427783669141039,0.475489753543378,0.329182258757131,0.309981255857544,0.447017892644135,1
0.365800558474135,0.401758539059858,0.357680878999378,0.217773064687169,0.551322560259998,0.359241764308938,0.302952202436738,0.403727634194831,1
0.287235553031379,0.324653364896855,0.268260659249534,0.162757158006363,0.252505190936174,0.056775657935096,0.00162136832239925,0.0207107355864811,0
0.0774764541625255,0.0703415623943185,0.0729044295487527,0.0343584305408271,0.405254130179652,0.10226366480584,0.0482895970009372,0.0387624254473161,0
0.15093000141985,0.174839364220494,0.143459332458019,0.0714316012725345,0.548614245734405,0.187810563769094,0.025398313027179,0.0641153081510934,0
0.0765298878318899,0.38112952316537,0.075115748738857,0.0332131495227996,0.647016340164304,0.215477578062696,0.07029053420806,0.0460188866799205,0
0.344029532869516,0.420696652012174,0.363692903047474,0.213022269353128,0.471878667509253,0.556468928286608,0.500234301780694,0.43006958250497,1
0.103743669837664,0.140344944200203,0.106488839748462,0.0497985153764581,0.221901236796967,0.208974909514754,0.140299906279288,0.108349900596421,0
0.26972407591462,0.477849171457558,0.26881348904706,0.150795334040297,0.53778098763203,0.327648610514692,0.264292408622306,0.341600397614314,1
0.36911354063136,0.481230977341901,0.370465068067169,0.222608695652174,0.58291956305859,0.39420894423655,0.296860356138707,0.44875745526839,1
0.117563538264944,0.382144064930673,0.112777278695322,0.0534040296924708,0.467364809966598,0.178976749892645,0.0508903467666354,0.0747514910536779,0
0.20488428226608,0.315522489009131,0.193559532858821,0.106299045599152,0.259637085853571,0.0847494018771855,0.0869025304592315,0.110834990059642,0
0.0969283922570874,0.257693608386878,0.103655587036141,0.0453870625662778,0.487225783154284,0.373964787436354,0.733364573570759,0.217445328031809,0
0.274456907567798,0.229286438958404,0.259691797387879,0.152279957582185,0.412386025097048,0.101098092141586,0.0855904404873477,0.14234592445328,0
0.565999337403569,0.3922894825837,0.551516826756962,0.418451749734889,0.338178207095784,0.25618060241703,0.253045923149016,0.395178926441352,1
0.0902550996261063,0.166723030098072,0.103655587036141,0.0426299045599152,0.408052721856098,0.410158885957917,0.201640112464855,0.142743538767396,0
0.48364806663827,0.500845451471086,0.486559325547647,0.333361611876988,0.49173964069694,0.501871050855776,0.396438612933458,0.394831013916501,1
0.322731790430214,0.205613797768008,0.322299771957709,0.186892895015907,0.433962264150943,0.333169744187473,0.182497656982193,0.251938369781312,1
0.252212598797861,0.230300980723706,0.244627185405293,0.138875927889714,0.352893382684842,0.150021471075394,0.0790065604498594,0.112922465208748,0
0.430167068957357,0.336151504903618,0.416764563609979,0.285980911983033,0.35253227408143,0.198944850009202,0.228889409559513,0.329920477137177,1
0.309953144966634,0.0415962123774095,0.304885633335637,0.176330858960764,0.690349372573802,0.26170173608981,0.161129334582943,0.325844930417495,0
0.523877135690284,0.21778829895164,0.528021560362103,0.365853658536585,0.486323011645752,0.598797619777928,0.39456419868791,0.536779324055666,1
0.624686449902977,0.482245519107203,0.690415313385391,0.467232237539767,0.685835515031146,1,0.879568884723524,0.797216699801193,1
0.27824317289034,0.280351707811972,0.272268675281598,0.15389183457052,0.421684571634919,0.233359916569536,0.0911199625117151,0.115059642147117,0
0.211510246580529,0.380791342576936,0.207449381521664,0.109437963944857,0.519725557461407,0.22771609103736,0.107567947516401,0.110984095427435,0
0.300960764825595,0.207981061887048,0.295072904429549,0.159703075291622,0.498059041256658,0.411385804551868,0.27389878163074,0.347266401590457,0
0.863221165223153,0.51403449442002,0.882523668025707,0.735737009544008,0.48451746862869,0.757990307343108,0.782333645735708,0.916998011928429,1
0.573571868048654,0.560703415623943,0.589523875336881,0.419300106044539,0.621738737925431,0.489908594564751,0.453842549203374,0.730119284294235,1
0.237540820673009,0.200879269529929,0.229147951074563,0.127168610816543,0.402636092804911,0.160327587264585,0.0972586691658857,0.0925944333996024,0
0.543281745468314,0.297937098410551,0.534240895584272,0.395121951219512,0.416267942583732,0.263542113980737,0.312792877225867,0.437127236580517,1
0.354915045671826,0.397362191410213,0.348697394789579,0.214082714740191,0.377448767716891,0.245659775473897,0.282099343955014,0.245427435387674,1
0.569785602726111,0.503212715590125,0.54046023080644,0.395546129374337,0.339983750112846,0.310471750199374,0.343955014058107,0.411083499005964,1
0.25457901462445,0.408860331416977,0.248704305162048,0.136839872746554,0.316782522343595,0.230261947119809,0.14093252108716,0.186133200795229,0
0.36248757631691,0.187013865404126,0.359201160942575,0.215652173913043,0.546808702717342,0.351266793448255,0.233505154639175,0.351093439363817,0
0.361541009986275,0.483936422049374,0.350908713979683,0.220233297985154,0.335018506815925,0.20452732961168,0.072680412371134,0.146968190854871,0
0.397037247385111,0.441325667906662,0.389814110980582,0.248016967126193,0.35542114290873,0.258327709956444,0.262886597938144,0.371918489065606,1
0.29764778266837,0.170781197159283,0.282979752608666,0.173149522799576,0.188859799584725,0.0956076314336544,0.0764058106841612,0.131610337972167,0
0.306166879644091,0.290497125464998,0.295833045401147,0.174591728525981,0.447503836778911,0.191000552113367,0.0931115276476101,0.13817097415507,0
0.382365469260258,0.342238755495434,0.390505148227489,0.238430540827147,0.462850952423942,0.416906938224649,0.398313027179007,0.438121272365805,1
0.62847271522552,0.450456543794386,0.612328104484832,0.475291622481442,0.344407330504649,0.343291822587571,0.343252108716026,0.431560636182903,1
0.246059917648729,0.274940818397024,0.234952663948587,0.130477200424178,0.468267581475129,0.157014907060917,0.0583411433926898,0.14617296222664,0
0.132803256188177,0.345958741968211,0.126598023633474,0.064050901378579,0.449309379795974,0.103153180786455,0.0160004686035614,0.039448310139165,0
0.218609494060296,0.105850524179912,0.211111878930274,0.114146341463415,0.335831001173603,0.171369854610147,0.0983130271790066,0.166500994035785,0
0.352075346679919,0.340209671964829,0.350286780457467,0.211664899257688,0.405254130179652,0.290534323047666,0.219962511715089,0.290208747514911,1
0.313739410289176,0.51640175853906,0.305853085481307,0.186299045599152,0.381420962354428,0.201613397951046,0.202085285848172,0.223111332007952,1
0,0.125803178897531,0,0,0.581114020041528,0.172688792098644,0,0,0
0.246059917648729,0.365573216097396,0.231013751641213,0.133700954400848,0.248262164846078,0.0644132261824428,0.055834114339269,0.0879721669980119,0
0.137015476359506,0.327696990192763,0.139313108976574,0.0656627783669141,0.432156721133881,0.237991534261702,0.1441893158388,0.150546719681909,0
0.166075062710019,0.323977003719986,0.163222997719577,0.0816967126193001,0.426649814931841,0.203668486595914,0.0701733833177132,0.0596918489065606,0
0.290075252023286,0.197835644234021,0.300048372607283,0.164029692470838,0.786945923986639,0.481933623704067,0.485238987816307,0.477186878727634,1
0.220502626721568,0.291511667230301,0.216847488079607,0.114103923647932,0.555836417802654,0.252499846635176,0.165651358950328,0.173210735586481,0
0.25457901462445,0.29861345958742,0.24338331836086,0.137094379639449,0.290150762841925,0.149592049567511,0.0619259606373008,0.0954771371769384,0
0.723602631454399,0.336827866080487,0.753299702853984,0.579215270413574,0.721946375372393,0.789583461137354,0.999062792877226,0.906063618290258,1
0.206304131762033,0.390598579641529,0.198258586137793,0.107317073170732,0.315608919382504,0.142230538003803,0.120267104029991,0.0943836978131213,0
0.13232997302286,0.246195468380115,0.129293068896414,0.0622269353128314,0.461045409406879,0.198331390712226,0.101546391752577,0.0883697813121272,0
0.267357660088031,0.373689550219817,0.265081887913759,0.142905620360551,0.421594294484066,0.311391939144838,0.249531396438613,0.299254473161034,0
0.344502816034834,0.336151504903618,0.373436528228872,0.206320254506893,0.232373386295928,0.625483099196368,0.70360824742268,0.387574552683897,0
0.167021629040655,0.354413256679067,0.171722755856541,0.0808907741251326,0.53778098763203,0.340224526102693,0.151733833177132,0.152485089463221,0
0.0825879123479578,0.206966520121745,0.0832699882523668,0.0370731707317073,0.563058589870904,0.192104778847923,0.096813495782568,0.0956262425447316,0
0.234227838515784,0.399729455529253,0.226245594637551,0.125174973488865,0.406698564593302,0.181307895221152,0.0779756326148079,0.0998011928429424,0
0.0931894552510767,0.204599256002705,0.103310068412687,0.0431389183457052,0.379073756432247,0.321820747193424,0.21703373945642,0.114711729622266,0
0.37337308911922,0.23537368955022,0.379033929928823,0.228632025450689,0.573891847973278,0.44635298447948,0.395970009372071,0.443489065606362,1
0.416441857163141,0.446398376733176,0.4278211595605,0.271092258748674,0.56757244741356,0.477946138273726,0.499765698219306,0.471123260437376,1
0.519144304037105,0.348326006087251,0.486559325547647,0.355673382820785,0.283379976527941,0.146739463836574,0.170876288659794,0.278131212723658,1
0.209617113919258,0.0375380453161988,0.204201506461198,0.110201484623542,0.371039090006319,0.14560456413717,0.0822867853795689,0.130367793240557,0
0.55274740877467,0.25059181602976,0.536314007324995,0.395970307529162,0.476392525051909,0.277958407459665,0.341377694470478,0.430666003976143,1
0.817312698187325,0.354751437267501,0.845898693939603,0.68610816542948,0.831181727904667,0.819949696337648,1,1,1
0.355861612002461,0.0399053094352384,0.348904705963651,0.210901378579003,0.518822785952875,0.277651677811177,0.207169634489222,0.287176938369781,0
0.302380614321549,0.225904633074062,0.292377859166609,0.173913043478261,0.167193283379977,0.16523526164039,0.189597000937207,0.139165009940358,0
0.325098206256803,0.253635441325668,0.308548130744247,0.188844114528102,0.317956125304685,0.128765106435188,0.0332708528584817,0.0567097415506958,0
0.313739410289176,0.506594521474467,0.303849077465275,0.182014846235419,0.360657217658211,0.181706643764186,0.123828491096532,0.153330019880716,1
0.568839036395476,0.311126141359486,0.550134752263147,0.421845174973489,0.266678703620114,0.186798355929084,0.217221180880975,0.279671968190855,1
0.38425860192153,0.225904633074062,0.385529680049755,0.225238600212089,0.563058589870904,0.494816268940556,0.266635426429241,0.424155069582505,0
0.606228406455582,0.521136286777139,0.59850735954668,0.44475079533404,0.441184436219193,0.42794920557021,0.596298031865042,0.571073558648111,1
0.246533200814047,0.121068650659452,0.243867044433695,0.132470837751856,0.487225783154284,0.232225016870131,0.0668931583880037,0.14324055666004,0
0.401296795872971,0.330402434900237,0.400179669684196,0.256797454931071,0.510697842376095,0.315686154223667,0.34348641049672,0.401938369781312,1
0.434426617445218,0.400067636117687,0.431276345795038,0.282629904559915,0.434865035659475,0.334396662781424,0.244376757263355,0.278976143141153,1
0.413128875005916,0.142712208319242,0.402252781424919,0.262226935312831,0.379073756432247,0.230783387522238,0.167174320524836,0.294880715705765,0
0.542808462302996,0.412580317889753,0.528021560362103,0.395121951219512,0.376184887604947,0.238359609839887,0.270149953139644,0.340308151093439,1
0.27398362440248,0.43151843084207,0.262110427752056,0.15389183457052,0.342330956035028,0.117262744616895,0.110379568884724,0.134393638170974,1
0.223815608878792,0.23537368955022,0.213737820468523,0.11881230116649,0.473684210526316,0.127507514876388,0.0841611996251171,0.129224652087475,0
0.210563680249894,0.192086574230639,0.202266602169857,0.108716861081654,0.395052812133249,0.151861848966321,0.0820759137769447,0.142892644135189,0
0.377159354441763,0.2658099425093,0.366664363209177,0.226765641569459,0.578405705515934,0.340837985399669,0.360590440487348,0.428628230616302,1
0.203464432770126,0.124450456543794,0.201851979821712,0.102354188759279,0.57569739099034,0.289000674805227,0.108598875351453,0.238369781312127,0
0.13048416867812,0.0764288129861346,0.120585999585378,0.0615058324496288,0.359935000451386,0.0663762959327649,0,0,0
0.432060201618628,0.282042610754143,0.423674936079055,0.283987274655355,0.402455538503205,0.289307404453715,0.221344892221181,0.29537773359841,1
0.210563680249894,0.25701724721001,0.206412825651303,0.107953340402969,0.510697842376095,0.231519538678609,0.0475866916588566,0.0924950298210736,0
0.280136305551612,0.210010145417653,0.276069380139589,0.156394485683987,0.308206193012549,0.232225016870131,0.114667291471415,0.153479125248509,0
0.178380425008282,0.177882989516402,0.169096814318292,0.0898409331919406,0.228401191658391,0.0981841604809521,0.0527413308341143,0.0391401590457256,0
0.232807989019831,0.167061210686507,0.237163983138691,0.12271474019088,0.564864132887966,0.338077418563278,0.0869259606373008,0.149254473161034,0
0.228075157366653,0.232330064254312,0.243245110911478,0.12237539766702,0.509795070867563,0.461996196552359,0.388706654170572,0.368538767395626,1
0.377159354441763,0.306391613121407,0.373505631953562,0.231601272534464,0.259546808702717,0.298509293908349,0.212043111527648,0.177037773359841,0
0.353021913010554,0.18498478187352,0.346762490498238,0.210646871686108,0.424934549065631,0.253726765229127,0.198851921274602,0.274950298210736,0
0.319892091438308,0.277308082516064,0.306336811554143,0.187274655355249,0.242033041437212,0.136126617998896,0.0675023430178069,0.0660536779324056,0
0.28486913720479,0.374365911396686,0.274479994471702,0.159448568398727,0.549517017242936,0.173332924360469,0.073477038425492,0.131461232604374,0
0.0585924558663448,0.371660466689212,0.0655103310068413,0.0256203605514316,0.373927958833619,0.340837985399669,0.309512652296157,0.107753479125249,0
0.130152870462398,0.190395671288468,0.138138345656831,0.0664687168610816,0.492642412205471,0.431016502055089,0.962511715089035,0.390506958250497,0
0.197311751620995,0.113966858302333,0.18713288646258,0.101124072110286,0.405434684481358,0.0973866633948838,0.0464386129334583,0.0887673956262426,0
0.291968384684557,0.190395671288468,0.286918664916039,0.167720042417815,0.372032138665704,0.201214649408012,0.2177366447985,0.173111332007952,0
0.249372899805954,0.278322624281366,0.238269642733743,0.134379639448568,0.306129818542927,0.145420526348077,0.0910262417994377,0.115854870775348,0
0.506365658573525,0.373013189042949,0.508672517448691,0.347910922587487,0.531461587072312,0.451260658855285,0.434629803186504,0.523856858846918,1
0.466609872686829,0.329726073723368,0.446479165227006,0.312492046659597,0.196984743161506,0.162106619225814,0.12066541705717,0.13772365805169,0
0.240380519664916,0.10246871829557,0.228387810102965,0.129416755037116,0.365441906653426,0.101312802895528,0.0462043111527648,0.0975646123260438,0
0.18547967248805,0.109908691241123,0.172068274479994,0.0947189819724284,0.203304143721224,0.0545978774308325,0.00723992502343018,0.0327435387673956,0
0.225708741540063,0.354075076090632,0.223274134475848,0.117200424178155,0.507989527850501,0.290534323047666,0.160332708528585,0.185785288270378,0
0.577831416536514,0.210686506594521,0.570174832423468,0.429904559915164,0.309740904577052,0.30403042758113,0.279522024367385,0.480467196819086,1
0.596762743149226,0.285424416638485,0.600580471287402,0.454082714740191,0.535975444614968,0.451567388503773,0.587628865979381,0.639165009940358,1
0.253632448293814,0.423063916131214,0.249188031234884,0.136161187698834,0.438476121693599,0.2518863873382,0.125820056232427,0.140258449304175,0
0.77093094798618,0.416976665539398,0.748462442125631,0.654294803817603,0.286720231109506,0.291761241641617,0.310215557638238,0.48220675944334,1
0.378105920772398,0.339871491376395,0.357335360375924,0.231898197242842,0.28509524239415,0.104717501993743,0.0456185567010309,0.0963717693836978,0
0.180746840834872,0,0.172621104277521,0.0908165429480382,0.390990340344859,0.116495920495675,0.0593017806935333,0.0843936381709742,0
0.463770173694922,0.307406154886709,0.452698500449174,0.31507953340403,0.325178297372935,0.222194957364579,0.197328959700094,0.326838966202783,1
0.496426712101851,0.506256340886033,0.499689033238892,0.35677624602333,0.471878667509253,0.43224342064904,0.505857544517338,0.518389662027833,1
0.378105920772398,0.244842746026378,0.362310828553659,0.230074231177094,0.414552676717523,0.182412121955708,0.0609653233364574,0.187922465208748,0
0.252685881963179,0.090632397700372,0.242277658765807,0.135991516436904,0.452920465830098,0.154683761732409,0.0934161199625117,0.18389662027833,0
0.305220313313455,0.33547514372675,0.290581162324649,0.178960763520679,0.341699015979056,0.133427397092203,0.137253983130272,0.170874751491054,1
0.401296795872971,0.0737233682786608,0.405707967659457,0.251707317073171,0.659655141283741,0.417520397521624,0.47610121836926,0.545228628230616,1
0.19399876946377,0.169090294217112,0.18257204063299,0.0972216330858961,0.433059492642412,0.116710631249617,0.0553655107778819,0.12837972166998,0
0.174120876520422,0.183970240108218,0.163775827517103,0.087423117709438,0.318588065360657,0.0725108889025213,0,0,0
0.0799848549387098,0.160297598917822,0.0734572593462788,0.0355037115588547,0.349823959555837,0.071713391816453,0,0,0
0.138340669222396,0.282380791342577,0.143804851081473,0.0674019088016967,0.400469441184436,0.337463959266303,0.306232427366448,0.184691848906561,0
0.448625112404752,0.351707811971593,0.452698500449174,0.292428419936373,0.412386025097048,0.417827127170112,0.420103092783505,0.44065606361829,1
0.285342420370107,0.423063916131214,0.264114435768088,0.162417815482503,0.0891938250428816,0,0.00373711340206186,0.00920477137176938,0
0.275876757063751,0.113290497125465,0.259138967590353,0.154952279957582,0.313803376365442,0.0563155634623643,0.0215393626991565,0.06610337972167,0
0.957877798286715,0.411227595536016,0.955773616197913,0.893531283138918,0.512503385393157,0.527636341328753,0.672680412371134,0.933399602385686,1
0.667755217946898,0.570172472100101,0.683504940916315,0.495227995758218,0.554933646294123,0.809214158640574,0.582708528584817,0.743538767395626,1
0.412655591840598,0.358471423740277,0.396724483449658,0.264305408271474,0.391261171797418,0.210447211827495,0.154475164011246,0.257902584493042,1
0.209617113919258,0.176192086574231,0.205514477230323,0.109650053022269,0.34269206463844,0.190693822464879,0.144821930646673,0.11734592445328,0
0.39277769889725,0.429489347311464,0.380968834220164,0.240551431601273,0.342511510336734,0.26323538433225,0.125937207122774,0.162176938369781,1
0.146670452931989,0.182617517754481,0.138000138207449,0.0738069989395546,0.361469712015889,0.0845653640880928,0.00374179943767573,0.011948310139165,0
0.536182497988547,0.299966181941156,0.516964964411582,0.380699893955461,0.300171526586621,0.200294460462548,0.191401124648547,0.2889662027833,1
0.223815608878792,0.252959080148799,0.21346140556976,0.117412513255567,0.40724022749842,0.128918471259432,0.0892455482661668,0.160984095427435,0
0.22854844053197,0.259722691917484,0.217538525326515,0.121060445387063,0.433962264150943,0.111158824611987,0.0551312089971884,0.0771868787276342,0
0.251739315632543,0.209333784240785,0.242139451316426,0.135821845174973,0.254310733953236,0.163026808171278,0.0900656044985942,0.08220675944334,0
0.342609683373562,0.453500169090294,0.349526639485868,0.197836691410392,0.495350726731064,0.680694435924176,0.464151827553889,0.328926441351889,1
0.27398362440248,0.395671288468042,0.264183539492779,0.154358430540827,0.314706147873973,0.143028035089872,0.0729147141518275,0.14234592445328,0
0.129632258980548,0.287791680757524,0.117061709626149,0.0613361611876988,0.152297553489212,0.0124532237286056,0,0,0
0.253632448293814,0.579979709164694,0.258171515444682,0.141633085896076,0.458337094881286,0.355561008527084,0.254217432052484,0.226739562624254,1
0.372899805953902,0.456543794386202,0.391196185474397,0.223923647932131,0.467364809966598,0.547880498128949,0.397610121836926,0.441252485089463,1
0.280609588716929,0.223875549543456,0.267707829452007,0.158176033934252,0.241762209984653,0.105146923501626,0.0907450796626054,0.118141153081511,0
0.321311940934261,0.425431180250254,0.323681846451524,0.188928950159067,0.608197165297463,0.329182258757131,0.324507966260544,0.324353876739563,1
0.525296985186237,0.410213053770714,0.508672517448691,0.373488865323436,0.190304233998375,0.205631556346236,0.258434864104967,0.287176938369781,1
0.577358133371196,0.432194792018938,0.578467279386359,0.426086956521739,0.294303511781168,0.378565732163671,0.261012183692596,0.336580516898608,1
0.353495196175872,0.355427798444369,0.350355884182157,0.211749734888653,0.416087388282026,0.310471750199374,0.276476101218369,0.297216699801193,1
0.248426333475318,0.33310787960771,0.240135443300394,0.134676564156946,0.390268123138034,0.188608060855162,0.0981021555763824,0.204125248508946,0
0.499739694259075,0.324991545485289,0.492778660769815,0.342778366914104,0.334476843910806,0.308017913011472,0.2427366447985,0.372166998011928,1
0.771877514316816,0.573554277984444,0.795452974915348,0.653870625662778,0.554933646294123,0.579780381571683,0.825445173383318,0.805168986083499,1
0.323205073595532,0.47480554616165,0.330108492847765,0.19270413573701,0.7192380608468,0.482853812649531,0.365042174320525,0.456063618290258,1
0.259785129442946,0.300642543118025,0.257756893096538,0.143541887592789,0.424483163311366,0.265075762223177,0.187558575445173,0.189910536779324,0
0.385205168252165,0.235711870138654,0.380001382074494,0.243096500530223,0.326171346032319,0.234648181093185,0.176897844423618,0.202733598409543,1
0.137015476359506,0.255664524856273,0.132195425333425,0.0644326617179215,0.507989527850501,0.162382675909453,0.0411433926897844,0.0970178926441352,0
0.474655686497231,0.356780520798106,0.455462649436805,0.32271474019088,0.316782522343595,0.164591129378566,0.162839737582006,0.267892644135189,1
0.290075252023286,0.433885694961109,0.298735401838159,0.163690349946978,0.429448406608287,0.395435862830501,0.203959700093721,0.253578528827038,0
0.392304415731932,0.108217788298952,0.375786054868357,0.246871686108165,0.263519003340255,0.131648365130974,0.13805060918463,0.156908548707754,0
0.643617776515689,0.42035847142374,0.628221961163707,0.486320254506893,0.345490656314887,0.354027360284645,0.384254920337395,0.475198807157058,1
0.229968290027924,0.312140683124789,0.219197014719093,0.12067868504772,0.325719960278054,0.152199251579658,0.062535145267104,0.069234592445328,0
1,0.29624619546838,1,0.99915164369035,0.555836417802654,0.405557941230599,0.75,0.792743538767396,1
0.494060296275262,0.536016232668245,0.48863243728837,0.341251325556734,0.433059492642412,0.292067971290105,0.394095595126523,0.327882703777336,1
0.341189833877609,0.476834629692256,0.339161080782254,0.198176033934252,0.3791640335831,0.341144715048157,0.26124648547329,0.32117296222664,1
0.325571489422121,0.24416638484951,0.325962269366319,0.184687168610817,0.451114922813036,0.405864670879087,0.231982193064667,0.278429423459245,1
0.232334705854513,0.292188028407169,0.231704788888121,0.122460233297985,0.370136318497788,0.294521808478007,0.155482661668229,0.156163021868787,0
0.152349850915803,0.262766317213392,0.146914518692558,0.0753764581124072,0.251963528031055,0.121740997484817,0.135285848172446,0.0532306163021869,0
0.6067016896209,0.400743997294555,0.593670098818326,0.460869565217391,0.371941861514851,0.341144715048157,0.298031865042174,0.431958250497018,1
0.593923044157319,0.769699019276293,0.581922465620897,0.457900318133616,0.285004965243297,0.2871602969143,0.268275538894096,0.329870775347913,1
0.315632542950447,0.116672303009807,0.304678322161564,0.180445387062566,0.395684752189221,0.207747990920802,0.0910965323336457,0.127385685884692,0
0.311372994462587,0.14169766655394,0.309584686614609,0.177221633085896,0.473684210526316,0.306177535120545,0.184161199625117,0.221222664015905,0
0.151403284585167,0.264457220155563,0.147398244765393,0.0719406150583245,0.482711925611628,0.201337341267407,0.0414245548266167,0.0951789264413519,0
0.415022007667187,0.356442340209672,0.406399004906364,0.262057264050901,0.450212151304505,0.309858290902399,0.268744142455483,0.32117296222664,1
0.29764778266837,0.247210010145418,0.281666781839541,0.170901378579003,0.287261894014625,0.0937365805778787,0.0832708528584817,0.1220675944334,0
0.348289081357376,0.127155901251268,0.336673346693387,0.211113467656416,0.419156811411032,0.174406478130176,0.134114339268978,0.228777335984095,0
0.16370864688343,0.194453838349679,0.157763803469007,0.0789395546129374,0.475489753543378,0.177412428685357,0.0155646672914714,0.0604373757455268,0
0.379525770268352,0.19614474129185,0.370810586690623,0.229480381760339,0.280581384851494,0.276731488865714,0.152413308341143,0.187872763419483,0
0.266884376922713,0.482245519107203,0.259553589938498,0.149692470837752,0.238331678252234,0.171492546469542,0.127413308341143,0.101192842942346,0
0.276823323394387,0.42678390260399,0.286573146292585,0.152576882290562,0.50708675634197,0.492362431752653,0.397141518275539,0.341003976143141,1
0.476548819158503,0.316875211362868,0.481031027572386,0.318769883351007,0.554933646294123,0.422734801545917,0.447516401124649,0.541749502982107,1
0.205357565431398,0.587419682110247,0.193283117960058,0.106977730646872,0.146248984382053,0.0575118090914668,0.038261480787254,0.0155318091451292,0
0.20062473377822,0.81501521812648,0.186580056665054,0.103202545068929,0.227227588697301,0.0501809704926078,0.0116377694470478,0.0319781312127237,0
0.640304794358465,0.612106865065945,0.626148849422984,0.498621420996819,0.351719779723752,0.269983436598982,0.364104967197751,0.414512922465209,1
0.122391026551186,0.209671964829219,0.113468315942229,0.0577306468716861,0.288977159880834,0.0659162014600331,0.0387066541705717,0.0828528827037773,0
0.333617303232524,0.390260399053094,0.3178771335775,0.19507953340403,0.343685113297824,0.153579534997853,0.0342549203373946,0.094234592445328,0
0.768091248994273,0.58369969563747,0.758136963582337,0.647507953340403,0.383316782522344,0.456475062879578,0.45688847235239,0.614811133200795,1
0.638884944862511,0.397362191410213,0.613019141731739,0.493107104984093,0.279136950437844,0.196613704680694,0.211855670103093,0.299304174950298,1
0.342609683373562,0.613459587419682,0.33694976159215,0.203775185577943,0.267220366525232,0.259247898901908,0.258434864104967,0.219085487077535,0
0.495953428936533,1,0.481031027572386,0.329628844114528,0.410670759230839,0.338690877860254,0.332005623242737,0.437922465208748,1
0.315159259785129,0.199188366587758,0.301223135927026,0.183160127253446,0.375552947548975,0.143917551070486,0.110238987816307,0.185437375745527,0
0.257418713616357,0.180250253635441,0.240619169373229,0.141251325556734,0.240408052721856,0.0446291638549782,0.0246719775070291,0.0550695825049702,0
0.204410999100762,0.286777138992222,0.208278626217953,0.104305408271474,0.390809786043153,0.346972578369425,0.362699156513589,0.141848906560636,0
0.320365374603625,0.475481907338519,0.309239167991155,0.189395546129374,0.250970479371671,0.149346665848721,0.110051546391753,0.116500994035785,0
0.587770363008188,0.466351031450795,0.589523875336881,0.429056203605514,0.452017694321567,0.418440586467088,0.48008434864105,0.441650099403579,1
0.165601779544702,0.343253297260737,0.158454840715915,0.0823753976670202,0.490836869188408,0.123704067235139,0.113191190253046,0.15258449304175,0
0.294334800511146,0.261075414271221,0.278764425402529,0.168865323435843,0.176220998465288,0.079320287098951,0.101593252108716,0.0549204771371769,0
0.279663022386294,0.148799458911058,0.284430930827172,0.156394485683987,0.315699196533357,0.353413900987669,0.321930646672915,0.197813121272366,0
0.173647593355104,0.524518092661481,0.167369221201023,0.0863202545068929,0.396677800848605,0.162444021839151,0.0557403936269916,0.0802683896620278,0
0.214823228737754,0.176530267162665,0.207864003869809,0.111474019088017,0.439378893202131,0.180050303662352,0.101405810684161,0.145576540755467,0
0.660655970467131,0.4683801149814,0.657245525533826,0.517709437963945,0.433962264150943,0.433163609594503,0.635426429240862,0.651093439363817,1
0.213876662407118,0.295569834291512,0.203786884113054,0.111940615058324,0.368511329782432,0.124317526532115,0.0618088097469541,0.102833001988072,0
0.603388707463676,0.341900574907,0.600580471287402,0.450689289501591,0.483614697120159,0.507698914177044,0.56630740393627,0.484095427435388,1
0.488380898291448,0.249239093676023,0.478266878584756,0.332852598091198,0.434865035659475,0.259861358198884,0.296626054358013,0.415159045725646,1
0.590136778834777,0.325329726073723,0.571556906917283,0.434994697773065,0.459239866389817,0.304950616526593,0.323102155576382,0.426988071570577,1
0.330304321075299,0.24822455191072,0.329210144426785,0.194655355249205,0.514308928410219,0.332863014538985,0.2293580131209,0.260735586481113,1
0.594869610487955,0.644572201555631,0.620620551447723,0.451113467656416,0.360837771959917,0.573339058953439,0.417994376757263,0.568588469184891,1
0.394670831558522,0.255664524856273,0.41054522838781,0.2416967126193,0.730071318949174,0.641126311269247,0.573570759137769,0.617296222664016,1
0.410762459179327,0.456205613797768,0.458917835671343,0.267232237539767,0.526044958021125,0.89571191951414,0.744142455482662,0.684393638170974,1
0.404609778030195,0.806560703415624,0.414000414622348,0.255100742311771,0.48451746862869,0.443285687994602,0.410262417994377,0.417445328031809,1
0.630839131052109,0.586743320933378,0.61578329071937,0.485471898197243,0.427642863591225,0.274277651677811,0.355904404873477,0.463866799204771,1
0.490747314118037,0.451471085559689,0.464446133646604,0.334931071049841,0.306852035749752,0.133488743021901,0.0677366447985005,0.141003976143141,1
0.48790761512613,0.420020290835306,0.487941400041462,0.341166489925769,0.337275435587253,0.331022636648058,0.227202436738519,0.373111332007952,1
0.408396043352738,0.327020629015894,0.388432036486767,0.260911983032874,0.232644217748488,0.112815164713821,0.0986176194939082,0.141500994035785,1
0.483174783472952,0.417991207304701,0.468592357128049,0.332895015906681,0.40290692425747,0.216459112937857,0.21230084348641,0.324403578528827,1
0.650717023995457,0.724044639837673,0.635132333632783,0.541039236479321,0.379705696488219,0.291147782344641,0.32029053420806,0.429721669980119,1
0.171281177528515,0.312478863713223,0.176145394236749,0.0860657476139979,0.399476392525052,0.292374700938593,0.14964854732896,0.131312127236581,0
0.31279284395854,0.410213053770714,0.29970285398383,0.177094379639449,0.24311636724745,0.193883810809153,0.0954076850984067,0.106461232604374,0
0.278716456055658,0.219817382482246,0.266671273581646,0.156394485683987,0.375733501850682,0.131310962517637,0.091377694470478,0.0802683896620278,0
0.176487292347011,0.361176868447751,0.177665676179946,0.0854294803817603,0.501670127290783,0.335930311023864,0.197938144329897,0.142495029821074,0
0.345922665530787,0.240446398376733,0.321401423536729,0.20746553552492,0.105263157894737,0.0226059750935525,0.0169868791002812,0.0310636182902585,0
0.203937715935444,0.112614135948596,0.196530993020524,0.103711558854719,0.412656856549607,0.173915710692596,0.0764995313964386,0.136928429423459,0
0.698991906857873,0.381467703753804,0.715292654274066,0.571580063626723,0.373566850230207,0.542052634807681,0.514292408622306,0.540755467196819,1
0.130673481944247,0.201555630706797,0.122382696427337,0.0620996818663839,0.340705967319671,0.0843813262990001,0.0258434864104967,0.0699304174950298,0
0.51819773770647,0.499492729117349,0.493469698016723,0.362841993637328,0.324275525864404,0.156094718115453,0.133528584817245,0.235785288270378,1
0.232334705854513,0.258708150152181,0.223965171722756,0.12390243902439,0.630766453010743,0.16170787068278,0.138917525773196,0.367992047713718,0
0.205830848596715,0.15049036185323,0.19349042913413,0.107359490986214,0.371580752911438,0.0593215140175449,0.00348406747891284,0.016565606361829,0
0.559846656254437,0.347311464321948,0.532858821090457,0.406574761399788,0.330414372122416,0.121035519293295,0.187910028116214,0.290407554671968,1
0.31279284395854,0.274940818397024,0.29334531131228,0.181887592788971,0.242394150040625,0.0648426476903257,0.0467900656044986,0.0615308151093439,0
0.325098206256803,0.18498478187352,0.312348835602239,0.188292682926829,0.383948722578315,0.176369547880498,0.104943767572634,0.184443339960239,0
0.57641156704056,0.571187013865404,0.56948379517656,0.421845174973489,0.445698293761849,0.386233973375867,0.450093720712277,0.480318091451292,1
0.225235458374746,0.14575583361515,0.210420841683367,0.120381760339343,0.230206734675454,0.073676461566775,0.0526007497656982,0.137326043737575,0
0.587770363008188,0.286438958403788,0.576394167645636,0.424814422057264,0.461045409406879,0.3828599472425,0.380974695407685,0.47037773359841,1
0.43821288276776,0.306391613121407,0.449243314214636,0.280636267232238,0.487225783154284,0.493282620698117,0.456419868791003,0.449900596421471,1
0.279663022386294,0.2025701724721,0.278418906779075,0.158260869565217,0.230658120429719,0.234402797374394,0.26124648547329,0.168489065606362,0
0.264991244261442,0.29387893134934,0.249049823785502,0.146553552492047,0.282567482170263,0.0698730139255261,0.00435801312089972,0.0145328031809145,0
0.234701121681102,0.373689550219817,0.235505493746113,0.126193001060445,0.301706238151124,0.250659468744249,0.154029990627929,0.188419483101392,0
0.279663022386294,0.11531958065607,0.263285191071799,0.15796394485684,0.152748939243477,0.0549352800441691,0.0529522024367385,0.0582007952286282,0
0.202517866439491,0.346635103145079,0.206827447999447,0.106299045599152,0.248894104902049,0.302803508987179,0.217291471415183,0.277733598409543,0
0.207723981257987,0.310449780182617,0.196116370672379,0.107104984093319,0.311456170443261,0.0941660020857616,0.0562089971883786,0.108001988071571,0
0.351602063514601,0.338856949611092,0.360997857784535,0.215270413573701,0.315428365080798,0.454634684988651,0.319119025304592,0.328131212723658,0
0.37763263760708,0.317551572539736,0.367908230253611,0.230668080593849,0.336643495531281,0.241856327832648,0.139175257731959,0.239512922465209,0
0.282502721378201,0.213391951301995,0.271923156658144,0.157030752916225,0.432156721133881,0.184191153916938,0.14421274601687,0.167495029821074,0
0.230441573193242,0.262089956036524,0.219404325893166,0.122672322375398,0.280671662002347,0.11361266179989,0.0629803186504217,0.113320079522863,0
0.271617208575891,0.137639499492729,0.2625250501002,0.147868504772004,0.397580572357137,0.19799398809889,0.0301780693533271,0.0956262425447316,0
0.321311940934261,0.120392289482584,0.305922189205998,0.186299045599152,0.355240588607024,0.131372308447335,0.0249062792877226,0.0952783300198807,0
0.185952955653367,0.0892796753466351,0.175177942091079,0.0934040296924708,0.293852126026903,0.0853628611741611,0.0289597000937207,0.0680417495029821,0
0.226182024705381,0.285086236050051,0.215672724759865,0.121993637327678,0.424753994763925,0.121955708238758,0.0629100281162137,0.174701789264414,1
0.344502816034834,0.286100777815353,0.327758966208279,0.207677624602333,0.118533899070145,0.100668670633703,0.0579896907216495,0.0682902584493042,0
0.167021629040655,0.452485627324992,0.159353189136894,0.0808907741251326,0.441184436219193,0.149039936200233,0.0584582942830365,0.0931908548707753,0
0.593923044157319,0.310787960771052,0.592288024324511,0.455355249204666,0.563058589870904,0.444205876940065,0.514761012183693,0.527833001988072,1
0.259311846277628,0.34426783902604,0.253196047266948,0.139045599151644,0.287803556919744,0.251579657689712,0.160028116213683,0.154025844930418,0
0.620426901415117,0.478525532634427,0.628221961163707,0.468080593849417,0.49986458427372,0.504324888043678,0.534910965323336,0.636182902584493,1
0.166075062710019,0.300980723706459,0.159422292861585,0.0809331919406151,0.489031326171346,0.145389853383228,0.0538191190253046,0.0884691848906561,0
0.211983529745847,0.285762597226919,0.205929099578467,0.110116648992577,0.324094971562698,0.176553585669591,0.0783505154639175,0.0746520874751491,0
0.218609494060296,0.499830909705783,0.210351737958676,0.11609756097561,0.199602780536246,0.115023618182934,0.0462511715089035,0.0652584493041749,0
0.294334800511146,0.206628339533311,0.278349803054385,0.167041357370095,0.293220185970931,0.101619532544016,0.00342314901593252,0.0162077534791252,0
0.0955558710776658,0.158606695975651,0.0868633819362864,0.0436055143160127,0.157262796786133,0.0361327525918655,0.00862464854732896,0.0172564612326044,0
0.30853329547068,0.101454176530267,0.289544606454288,0.179300106044539,0.190755619752641,0.0514078890865591,0.00646204311152765,0.0219632206759443,0
0.287235553031379,0.139668583023334,0.268951696496441,0.164199363732768,0.278866118985285,0.0551193178332618,0.0106818181818182,0.0438817097415507,0
0.223342325713474,0.31788975312817,0.211042775205584,0.116733828207847,0.320574162679426,0.101680878473713,0.0370899718837863,0.0570576540755467,0
0.361067726820957,0.202231991883666,0.33784811001313,0.221166489925769,0.212602690259095,0.0483712655665297,0.0339034676663543,0.0932902584493042,0
0.273510341237162,0.123774095366926,0.266049340059429,0.152958642629905,0.318768619662364,0.184344518741182,0.0949390815370197,0.126640159045726,0
0.215769795068389,0.0341562394318566,0.206896551724138,0.112661717921527,0.300984020944299,0.123642721305441,0.032029053420806,0.0442693836978131,0
0.076482559515358,0.300642543118025,0.0711768364314837,0.0329586426299046,0.494447955222533,0.11990061959389,0,0,0
0.260731695773581,0.241460940142036,0.244627185405293,0.143414634146341,0.293220185970931,0.0581559413532912,0.0104803186504217,0.0319234592445328,0
0.246059917648729,0.147784917145756,0.231221062815286,0.134846235418876,0.223074839758057,0.0390773572173486,0.0263120899718838,0.0251043737574553,0
0.531922949500686,0.309773419005749,0.517656001658489,0.374761399787911,0.404712467274533,0.283172811483958,0.264761012183693,0.395129224652087,1
0.0975436603720006,0.310787960771052,0.112500863796559,0.0428419936373277,0.424753994763925,0.545426660941047,0.462746016869728,0.243936381709742,0
0.257891996781675,0.246533648968549,0.240550065648538,0.141590668080594,0.207095784057055,0.0465002147107539,0.0314432989690722,0.0844433399602386,0
0.154716266742392,0.218802840716943,0.157072766222099,0.0766489925768823,0.482711925611628,0.281332433593031,0.15759137769447,0.1970675944334,0
0.623739883572341,0.336489685492053,0.603344620275033,0.479533404029692,0.248894104902049,0.203239065088031,0.270618556701031,0.383996023856859,1
0.27824317289034,0.122083192424755,0.269711837468039,0.153255567338282,0.548614245734405,0.211520765597203,0.0890346766635426,0.168986083499006,0
0.632258980548062,0.399053094352384,0.636514408126598,0.475291622481442,0.581114020041528,0.515673885037728,0.600984067478913,0.747514910536779,1
0.247006483979365,0.185999323638823,0.236472945891784,0.133361611876988,0.307845084409136,0.14131034905834,0.0467197750702905,0.0840954274353877,0
0.269250792749302,0.256679066621576,0.25886255269159,0.146935312831389,0.452920465830098,0.175633396724127,0.0748125585754452,0.104721669980119,0
0.337403568555067,0.107203246533649,0.319535622970078,0.200636267232238,0.36526135235172,0.103306545610699,0.0413542642924086,0.135834990059642,0
0.238960670168962,0.277984443692932,0.223205030751157,0.128313891834571,0.218470705064548,0.0599349733145206,0.00362230552952202,0.02779324055666,0
0.439632732263713,0.371998647277646,0.436113606523392,0.284284199363733,0.580211248532996,0.345132200478498,0.346298031865042,0.421868787276342,1
0.439159449098396,0.41156577612445,0.440259830004837,0.289840933191941,0.576600162498872,0.334089933132937,0.421508903467666,0.396669980119284,1
0.428273936296086,0.19614474129185,0.428512196807408,0.27558854718982,0.381691793806987,0.361082142199865,0.282099343955014,0.349950298210736,1
0.283922570874154,0.326006087250592,0.281459470665469,0.157158006362672,0.389636183082062,0.285626648671861,0.166518275538894,0.14662027833002,0
0.20062473377822,0.343253297260737,0.194526985004492,0.103414634146341,0.476392525051909,0.148487822832955,0.0117291471415183,0.0376888667992048,0
0.202044583274173,0.171457558336151,0.190657176421809,0.104559915164369,0.274713370046041,0.0772958714189314,0.00228139643861293,0.014617296222664,0
0.251739315632543,0.314846127832262,0.235574597470804,0.136118769883351,0.275345310102013,0.0694435924176431,0.0181724461105904,0.0424204771371769,0
0.47702210232382,0.381805884342239,0.469974431621864,0.328780487804878,0.535072673106437,0.264462302926201,0.353327085285848,0.493737574552684,1
0.284395854039472,0.152857625972269,0.278418906779075,0.15728525980912,0.379073756432247,0.246211888841175,0.0875820056232427,0.10427435387674,0
0.557953523593166,0.39634764964491,0.546679566028609,0.402332979851538,0.347837862237068,0.370590761302988,0.248359887535145,0.302683896620278,1
0.145250603436036,0.264457220155563,0.142491880312349,0.0709650053022269,0.433962264150943,0.165265934605239,0.0588331771321462,0.088220675944334,0
0.782289743953808,0.49239093676023,0.769193559532859,0.68016967126193,0.489934097679877,0.334089933132937,0.540768509840675,0.700795228628231,1
0.352075346679919,0.230977341900575,0.348006357542672,0.211113467656416,0.405163853028798,0.28992086375069,0.187605435801312,0.209890656063618,0
0.124236830895925,0.241122759553602,0.123350148573008,0.0581124072110286,0.290511871445337,0.223605913747623,0.197328959700094,0.113916500994036,0
0.193052203133135,0.177544808927968,0.191417317393407,0.0977306468716861,0.457434323372754,0.219587755352432,0.1264526710403,0.166053677932406,0
0.601022291637087,0.404802164355766,0.595052173312142,0.44559915164369,0.409316601968042,0.351266793448255,0.436504217432052,0.548210735586481,1
0.223815608878792,0.194115657761244,0.215880035933937,0.117412513255567,0.563058589870904,0.163885651187044,0.0938612933458294,0.161530815109344,0
0.15518954990771,0.169090294217112,0.154861447031995,0.0755461293743372,0.416990159790557,0.221489479173057,0.0839034676663543,0.10124254473161,0
0.240380519664916,0.310787960771052,0.227143943058531,0.128016967126193,0.281935542114291,0.118274952456904,0.0175960637300843,0.0421868787276342,0
0.368166974300724,0.170104835982415,0.352981825720406,0.222778366914104,0.326081068881466,0.179191460646586,0.10796626054358,0.175347912524851,0
0.212456812911165,0.213730131890429,0.201990187271094,0.109946977730647,0.344226776202943,0.121096865222992,0.0606138706654171,0.115407554671968,0
0.23517440484642,0.177544808927968,0.231082855365904,0.120127253446448,0.570280761939153,0.310471750199374,0.0274367385192127,0.088817097415507,0
0.221449193052203,0.248900913087589,0.206689240550066,0.117709437963945,0.207456892660468,0.0518986565241396,0.0194611059044049,0.0577534791252485,0
0.415022007667187,0.321609739600947,0.437495681017207,0.260911983032874,0.647016340164304,0.665664683148273,0.682755388940956,0.617296222664016,1
0.887358606654362,0.262089956036524,0.901181673692212,0.791728525980912,0.562155818362373,0.665357953499785,0.78912839737582,0.950795228628231,1
0.383312035590894,0.542103483260061,0.374611291548614,0.243096500530223,0.449309379795974,0.240199987730814,0.289362699156514,0.325695825049702,1
0.196838468455677,0.147446736557322,0.189689724276138,0.102269353128314,0.181547350365622,0.126556652966076,0.105552952202437,0.0731113320079523,0
0.264044677930806,0.316537030774434,0.263492502245871,0.145196182396607,0.315699196533357,0.25894116925342,0.241330834114339,0.21824055666004,0
0.287235553031379,0.300304362529591,0.285398382972842,0.156309650053022,0.501670127290783,0.340531255751181,0.225,0.278479125248509,0
0.326044772587439,0.219817382482246,0.309100960541773,0.190965005302227,0.314164484968854,0.109011717072572,0.0351921274601687,0.103777335984095,0
0.0897818164607885,0.195468380114981,0.0894893234745353,0.0413573700954401,0.273539767084951,0.176676277528986,0.110613870665417,0.118339960238569,0
0.116191017085522,0.291173486641867,0.11077327067929,0.0573064687168611,0.435767807168006,0.123243972762407,0.0634957825679475,0.0698807157057654,0
0.26309811160017,0.282718971931011,0.246216571073181,0.147783669141039,0.196172248803828,0.021839150972333,0.00279756326148079,0.0270825049701789,0
0.299067632164324,0.401082177882989,0.286434938843204,0.170774125132556,0.299629863681502,0.136034599104349,0.0783505154639175,0.120477137176938,0
0.273510341237162,0.308758877240446,0.263146983622417,0.149777306468717,0.398393066714815,0.184467210600577,0.0629803186504217,0.0885188866799205,0
0.450518245066023,0.290158944876564,0.434040494782669,0.294634146341463,0.399295838223346,0.200294460462548,0.137347703842549,0.240308151093439,0
0.303800463817502,0.244842746026378,0.288093428235782,0.173446447507953,0.24140110138124,0.115269001901724,0.0511012183692596,0.0732107355864811,0
0.63699181220124,0.408183970240108,0.622002625941538,0.487592788971368,0.350907285366074,0.287467026562788,0.229592314901593,0.386928429423459,1
0.625633016233613,0.578965167399391,0.621311588694631,0.462566277836691,0.419066534260179,0.452487577449236,0.384489222118088,0.628727634194831,1
0.247479767144683,0.28102806898884,0.238546057632506,0.133573700954401,0.358219734585177,0.160634316913073,0.1029053420806,0.100745526838966,0
0.697098774196602,0.254988163679405,0.671066270471979,0.5949098621421,0.372032138665704,0.203177719158334,0.273664479850047,0.42072564612326,1
0.711297269156136,0.412242137301319,0.714601617027158,0.567762460233298,0.48451746862869,0.539905527268266,0.573570759137769,0.746023856858847,1
0.443418997586256,0.459249239093676,0.450625388708451,0.295609756097561,0.40435135867112,0.399730077909331,0.424320524835989,0.4360337972167,1
0.38851815040939,0.118363205951978,0.372192661184438,0.241060445387063,0.243748307303422,0.153242132384516,0.0794985941893158,0.132057654075547,0
0.681007146575796,0.182279337166047,0.673830419459609,0.527041357370095,0.428545635099756,0.405251211582112,0.452671040299906,0.62375745526839,1
0.646457475507596,0.258369969563747,0.628912998410614,0.505408271474019,0.377629322018597,0.270596895895957,0.357778819119025,0.444383697813121,1
0.317525675611719,0.215082854244166,0.304401907262801,0.184772004241782,0.274352261442629,0.136065272069198,0.0598875351452671,0.100944333996024,0
0.434899900610535,0.215082854244166,0.431967383041946,0.273594909862142,0.416809605488851,0.381633028648549,0.155834114339269,0.26824055666004,0
0.169861328032562,0.355427798444369,0.182157418284846,0.0826299045599152,0.343955944750384,0.449727010612846,0.534208059981256,0.295278330019881,0
0.306640162809409,0.625634088603314,0.290926680948103,0.177560975609756,0.20348469802293,0.085516225998405,0.0297797563261481,0.0555168986083499,0
0.316105826115765,0.183970240108218,0.307373367424504,0.185408271474019,0.271282838313623,0.172075332801669,0.0995548266166823,0.122813121272366,0
0.19399876946377,0.308420696652012,0.203925091562435,0.0925132555673383,0.622641509433962,0.60125145696583,0.395735707591378,0.316451292246521,1
0.202991149604809,0.109908691241123,0.202957639416765,0.102990455991516,0.641599711113117,0.281332433593031,0.185098406747891,0.275844930417495,0
0.192105636802499,0.176530267162665,0.185750811968765,0.0972216330858961,0.245914958923896,0.15768971228759,0.0830834114339269,0.103081510934394,0
0.239907236499598,0.439972945552925,0.2415866215189,0.129077412513256,0.150943396226415,0.269676706950494,0.186105904404873,0.148011928429423,0
0.255998864120403,0.262766317213392,0.254647225485454,0.135482502651113,0.465559266949535,0.338384148211766,0.13805060918463,0.143141153081511,0
0.298121065833688,0.135610415962124,0.290235643701196,0.168950159066808,0.279859167644669,0.203576467701368,0.118955014058107,0.14234592445328,0
0.360594443655639,0.459249239093676,0.346762490498238,0.221081654294804,0.308657578766814,0.144101588859579,0.196579194001874,0.261978131212724,1
0.247479767144683,0.14812309773419,0.241793932692972,0.135100742311771,0.256838494177124,0.180510398135084,0.160238987816307,0.125944333996024,0
0.326518055752757,0.218126479540074,0.308064404671412,0.19219512195122,0.159158616954049,0.0887368873075271,0.0479147141518275,0.0422813121272366,0
0.202991149604809,0.195806560703416,0.204477921359961,0.105408271474019,0.280039721946375,0.282252622538495,0.235941893158388,0.137027833001988,0
0.594869610487955,0.456543794386202,0.588141800843066,0.43711558854719,0.436670578676537,0.34482547083001,0.434864104967198,0.507455268389662,1
0.15518954990771,0.0848833276969902,0.151751779420911,0.0755461293743372,0.427281754987813,0.171891295012576,0.0450562324273664,0.0978131212723658,0
0.082966538880212,0.241122759553602,0.0793310759449935,0.0385153764581124,0.462850952423942,0.168394577019815,0,0,0
0.402716645368924,0.346973283733514,0.405016930412549,0.255015906680806,0.572086304956216,0.419667505061039,0.443064667291471,0.4529324055666,1
0.692365942543424,0.425092999661819,0.695252574113745,0.535949098621421,0.578405705515934,0.580700570517146,0.658388003748829,0.776341948310139,1
0.242273652326187,0.270882651335813,0.236887568239928,0.128398727465536,0.45382323733863,0.239862585117477,0.112066541705717,0.165308151093439,0
0.335037152728478,0.252620899560365,0.317600718678737,0.197497348886532,0.251151033673377,0.104993558677382,0.0628163074039363,0.161580516898608,0
0.309006578635998,0.310449780182617,0.306198604104761,0.175864262990456,0.480906382594565,0.292374700938593,0.201030927835052,0.267445328031809,0
0.275403473898434,0.262089956036524,0.271301223135927,0.15474019088017,0.251060756522524,0.213391816452978,0.173149015932521,0.2029324055666,0
0.193052203133135,0.173148461278323,0.183263077879898,0.0995546129374337,0.223706779814029,0.0868044905220539,0.0635426429240862,0.036013916500994,0
0.228075157366653,0.255326344267839,0.217469421601824,0.122332979851538,0.345219824862327,0.131709711060671,0.066846298031865,0.0814115308151093,0
0.517251171375834,0.382482245519107,0.557045124732223,0.360763520678685,0.635280310553399,0.730691368627692,0.747188378631678,0.595427435387674,1
0.234227838515784,0.0405816706121068,0.223550549374611,0.126914103923648,0.325810237428907,0.101343475860377,0.0610590440487348,0.0892644135188867,0
0.282976004543518,0.290158944876564,0.279109944025983,0.161908801696713,0.188498690981313,0.182841543463591,0.0950562324273665,0.0935884691848907,0
0.282029438212883,0.218464660128509,0.272199571556907,0.154443266171792,0.416719328337998,0.2115821115269,0.0772258669165886,0.118787276341948,0
0.253632448293814,0.177206628339533,0.238407850183125,0.138112407211029,0.308657578766814,0.0807619164468438,0.0494142455482662,0.102087475149105,0
0.187372805149321,0.300304362529591,0.183815907677424,0.0960763520678685,0.43125394962535,0.169376111894976,0.115838800374883,0.14572564612326,0
0.433480051114582,0.174163003043625,0.418146638103794,0.27847295864263,0.3820529024104,0.201306668302558,0.128865979381443,0.225049701789264,0
0.277769889725022,0.394318566114305,0.268398866698915,0.157370095440085,0.206554121151936,0.195632169805533,0.143533270852858,0.09279324055666,0
0.521037436698377,0.370307744335475,0.511436666436321,0.359787910922587,0.460142637898348,0.340531255751181,0.281396438612933,0.438568588469185,1
0.25031946613659,0.277646263104498,0.239237094879414,0.136839872746554,0.308928410219373,0.140727562726213,0.0752343017806935,0.131858846918489,0
0.207250698092669,0.2658099425093,0.198327689862484,0.108716861081654,0.324546357316963,0.10352125636464,0.0652061855670103,0.104373757455268,0
0.192105636802499,0.240784578965167,0.187478405086034,0.0974337221633086,0.497156269748127,0.179927611802957,0.0713683223992502,0.123260437375746,0
0.114345212740783,0.404802164355766,0.110289544606454,0.0531495227995758,0.24428997020854,0.126219250352739,0.0875117150890347,0.0254870775347913,0
0.379052487103034,0.419343929658438,0.371363416488149,0.23338282078473,0.293581294574343,0.254953683823078,0.160707591377694,0.192644135188867,0
0.385678451417483,0.67974298275279,0.365696911063506,0.244326617179215,0.275977250157985,0.0818047972517024,0.10979381443299,0.136133200795229,1
0.232334705854513,0.387554954345621,0.22527814249188,0.123138918345705,0.407149950347567,0.189620268695172,0.0598641049671977,0.108300198807157,0
0.114723839273037,0.405478525532634,0.109252988736093,0.0541675503711559,0.467364809966598,0.12947058462671,0.0479615745079663,0.0624751491053678,0
0.403189928534242,0.384511329049712,0.408472116647087,0.279787910922587,0.535975444614968,0.42242807189743,0.356607310215558,0.421520874751491,1
0.270670642245255,0.083192424754819,0.256305714878032,0.149098621420997,0.317956125304685,0.118274952456904,0.0552952202436739,0.119383697813121,0
0.197785034786313,0.395671288468042,0.187685716260106,0.100445387062566,0.443892750744787,0.12391877798908,0.0209817244611059,0.053479125248509,0
0.217189644564343,0.315522489009131,0.210144426784604,0.112916224814422,0.29637988625079,0.177412428685357,0.128514526710403,0.0709741550695825,0
0.364853992143499,0.144403111261414,0.376131573491811,0.217433722163309,0.455628780355692,0.503711428746703,0.339737582005623,0.313121272365805,0
0.219082777225614,0.213391951301995,0.21885149609564,0.112279957582185,0.50708675634197,0.298816023556837,0.166283973758201,0.223508946322068,0
0.316105826115765,0.318566114305039,0.315596710662705,0.183160127253446,0.342511510336734,0.292374700938593,0.226265229615745,0.239165009940358,0
0.130673481944247,0.318227933716605,0.12535415658904,0.0620148462354189,0.495350726731064,0.196153610207963,0.0209325210871603,0.0977634194831014,0
0.1443040371054,0.391274940818397,0.134061225900076,0.0694803817603393,0.257650988534802,0.0605484326114962,0.00578725398313027,0.0256411530815109,0
0.165601779544702,0.178221170104836,0.163775827517103,0.0806362672322375,0.411031867834251,0.251272928041224,0.148430178069353,0.110238568588469,0
0.180746840834872,0.414947582008793,0.172759311726902,0.0917921527041357,0.319400559718335,0.116710631249617,0.0846766635426429,0.0697813121272366,0
0.196365185290359,0.233682786608049,0.18436873747495,0.100784729586426,0.260720411663808,0.0581559413532912,0.0320759137769447,0.0680914512922465,0
0.271617208575891,0.269191748393642,0.25699675212494,0.151770943796394,0.237699738196263,0.0792589411692534,0.0328491096532334,0.0912027833001988,0
0.374792938615174,0.433547514372675,0.402943818671826,0.229692470837752,0.42285817459601,0.623029262008466,0.640346766635426,0.48265407554672,1
0.256472147285721,0.269529928982076,0.260382834634787,0.137560975609756,0.476392525051909,0.344212011533035,0.181373008434864,0.139115308151093,0
0.624686449902977,0.332431518430842,0.622002625941538,0.469353128313892,0.547711474225874,0.397276240721428,0.499765698219306,0.625745526838966,1
0.560319939419755,0.414609401420358,0.55220786400387,0.409968186638388,0.443892750744787,0.366603275872646,0.373477038425492,0.434592445328032,1
0.372899805953902,0.244504565437944,0.353120033169788,0.224899257688229,0.330504649273269,0.157536347463346,0.0783973758200562,0.142992047713718,0
0.331250887405935,0.335136963138316,0.327067928961371,0.193425238600212,0.481809154103097,0.288080485859763,0.263823805060918,0.321222664015905,1
0.278716456055658,0.332431518430842,0.268675281597678,0.155121951219512,0.34964340525413,0.182350776026011,0.0421040299906279,0.103876739562624,0
0.334090586397842,0.212039228948258,0.317808029852809,0.198388123011665,0.288435496975715,0.121372921906632,0.0828022492970947,0.146322067594433,0
0.325098206256803,0.334460601961447,0.310206620136825,0.190498409331919,0.30883813306852,0.134715661615852,0.0314432989690722,0.1139662027833,0
0.333144020067206,0.201217450118363,0.316495059083685,0.196394485683987,0.244019138755981,0.111741610944114,0.0488987816307404,0.131809145129225,0
0.188792654645274,0.253297260737234,0.193075806785986,0.0967126193001061,0.329692154915591,0.281945892890007,0.221579194001874,0.179572564612326,0
0.486961048795494,0.531281704430166,0.47412065510331,0.333107104984093,0.276970298817369,0.280718974296055,0.282099343955014,0.285089463220676,1
0.321785224099579,0.205613797768008,0.308064404671412,0.187656415694592,0.320844994131985,0.146616771977179,0.0247188378631678,0.0493886679920477,0
0.169861328032562,0.291173486641867,0.159145877962822,0.0837327677624602,0.25990791730613,0.0774185632783265,0.0466963448922212,0.0552186878727634,0
0.522930569359648,0.241460940142036,0.509363554695598,0.359066808059385,0.332581023742891,0.318446721060058,0.255388940955951,0.310834990059642,1
0.237067537507691,0.513358133243152,0.233708796904153,0.126320254506893,0.454726008847161,0.223299184099135,0.127483598875351,0.212425447316103,0
0.509678640730749,0.619546838011498,0.507981480201783,0.355503711558855,0.427372032138666,0.343598552236059,0.39784442361762,0.412176938369781,1
0.370060106961995,0.268853567805208,0.359961301914173,0.225365853658537,0.353525322740814,0.213238451628734,0.0953373945641987,0.112326043737575,0
0.357281461498414,0.325667906662158,0.348697394789579,0.218960763520679,0.282116096415997,0.179804919943562,0.206583880037488,0.14537773359841,0
0.668228501112216,0.365573216097396,0.651717227558565,0.526193001060445,0.399115283921639,0.300963131096252,0.368322399250234,0.574055666003976,1
0.231388139523877,0.400067636117687,0.228318706378274,0.12237539766702,0.121874153651711,0.266916140114103,0.205646672914714,0.118588469184891,0
0.596762743149226,0.517078119715928,0.579849353880174,0.444326617179215,0.456531551864223,0.24332863014539,0.387769447047798,0.45044731610338,1
0.237540820673009,0.626310449780183,0.227904084030129,0.126829268292683,0.2865396768078,0.138396417397706,0.0950093720712277,0.0966699801192843,0
0.357281461498414,0.144403111261414,0.346002349526639,0.212386002120891,0.517017242935813,0.224035335255506,0.161551077788191,0.322813121272366,0
0.266884376922713,0.251606357795062,0.254509018036072,0.148207847295864,0.299720140832355,0.107109993251948,0.069493908153702,0.112922465208748,0
0.302853897486866,0.710517416300304,0.294036348559187,0.175482502651113,0.35948361469712,0.168333231090117,0.066049671977507,0.162226640159046,0
0.22002934355625,0.66215759215421,0.214774376338885,0.115206786850477,0.36959465559267,0.203545794736519,0.16776007497657,0.100248508946322,0
0.294808083676464,0.525532634426784,0.278557114228457,0.16729586426299,0.318497788209804,0.100208576160972,0.0649484536082474,0.102783300198807,0
0.28486913720479,0.521474467365573,0.268260659249534,0.159787910922588,0.280400830549788,0.0961597448009325,0.0282567947516401,0.0875745526838966,0
0.13128875005916,0.62529590801488,0.123626563471771,0.0625238600212089,0.245644127471337,0.0824489295135268,0.0361059044048735,0.0518389662027833,0
0.477968668654456,0.589786946229286,0.465828208140419,0.333997879109226,0.418434594204207,0.281025703944543,0.235941893158388,0.319632206759443,1
0.967343461593071,0.560027054447075,0.988943404049478,1,0.503475670307845,0.550334335316852,0.851686972820993,0.839463220675944,1
0.351128780349283,0.584376056814339,0.334876649851427,0.213191940615058,0.156360025277602,0.10076068952825,0.0814432989690722,0.0863320079522863,0
0.218609494060296,0.292526208995604,0.207933107594499,0.114188759278897,0.292949354518371,0.12014600331268,0.0788894095595127,0.0883200795228628,0
0.292914951015192,0.287791680757524,0.279800981272891,0.167041357370095,0.198880563329421,0.124409545426661,0.113847235238988,0.142644135188867,0
0.296227933172417,0.352384173148461,0.297698845967798,0.169416755037116,0.272727272727273,0.315686154223667,0.236644798500469,0.140805168986084,0
0.291495101519239,0.373013189042949,0.29154861447032,0.166871686108165,0.308025638710842,0.274584381326299,0.254217432052484,0.174453280318091,0
0.127171186520895,0.283733513696314,0.119342132540944,0.0605726405090138,0.275164755800307,0.10704864732225,0.0346532333645736,0.0286729622266402,0
0.502579393250982,0.460601961447413,0.519729113399212,0.355037115588547,0.363455809334657,0.555242009692657,0.500468603561387,0.498011928429423,1
0.219556060390932,0.286438958403788,0.22520903876719,0.11253446447508,0.585627877584183,0.395435862830501,0.238987816307404,0.276540755467197,0
0.127123858204364,0.296922556645248,0.122313592702647,0.0617603393425239,0.332490746592038,0.132507208146739,0.0690721649484536,0.0752485089463221,0
0.23943395333428,0.623266824484275,0.228456913827655,0.129968186638388,0.314976979326533,0.124593583215754,0.0554592314901593,0.118141153081511,0
0.375739504945809,0.176530267162665,0.363900214221547,0.230498409331919,0.255935722668593,0.2027789706153,0.129779756326148,0.160089463220676,0
0.25031946613659,0.685153872167737,0.232395826135029,0.136542948038176,0.219915139478198,0.0447825286792221,0,0,0
0.184533106157414,0.199864727764626,0.183954115126805,0.0913679745493107,0.433962264150943,0.268449788356543,0.119845360824742,0.0780815109343936,0
0.276823323394387,0.203584714237403,0.270195563540875,0.154146341463415,0.340976798772231,0.194190540457641,0.136715089034677,0.152982107355865,0
0.341663117042927,0.36591139668583,0.335982309446479,0.201442205726405,0.331136589329241,0.280412244647568,0.118626991565136,0.151988071570577,0
0.327464622083393,0.233682786608049,0.312210628152857,0.19338282078473,0.141283741085131,0.103705294153733,0.0521087160262418,0.0665506958250497,0
0.2134033792418,0.165032127155901,0.208693248566098,0.110880169671262,0.46917035298366,0.192932948898841,0.124367385192127,0.0978628230616302,0
0.438686165933078,0.331416976665539,0.456153686683712,0.285174973488865,0.451114922813036,0.521195018710509,0.52389878163074,0.456958250497018,1
0.245113351318094,0.281366249577274,0.238407850183125,0.132258748674443,0.345219824862327,0.180970492607816,0.0683223992502343,0.0758946322067594,0
0.327464622083393,0.322286100777815,0.310552138760279,0.194867444326617,0.246276067527309,0.103920004907674,0.0701733833177132,0.102882703777336,0
0.307113445974727,0.147108555968887,0.300808513578882,0.170858960763521,0.49173964069694,0.294828538126495,0.135567010309278,0.261729622266402,0
0.317998958777036,0.26817720662834,0.303849077465275,0.181378579003181,0.423129006048569,0.184620575424821,0.106560449859419,0.157057654075547,0
0.414075441336552,0.0530943523841731,0.40778107940018,0.256076352067869,0.466462038458066,0.338997607508742,0.279053420805998,0.308697813121272,0
0.25883856311231,0.22658099425093,0.269919148642112,0.141336161187699,0.383768168276609,0.40402429298816,0.361761949390815,0.240854870775348,0
0.36248757631691,0.241460940142036,0.348420979890816,0.221633085896076,0.304956215581836,0.146003312680204,0.121649484536082,0.138717693836978,0
0.589663495669459,0.308082516063578,0.582613502867805,0.434146341463415,0.507989527850501,0.384700325133427,0.528584817244611,0.593439363817097,1
0.222395759382839,0.218464660128509,0.219058807269712,0.117497348886532,0.543197616683218,0.22467946751733,0.100257731958763,0.155666003976143,0
0.459510625207061,0.354751437267501,0.437495681017207,0.302905620360551,0.201679155005868,0.1587019201276,0.0854967197750703,0.114662027833002,1
0.249372899805954,0.430503889076767,0.237647709211527,0.137009544008484,0.264421774848786,0.100055211336728,0.0401593252108716,0.0626739562624254,0
0.514411472383927,0.119039567128847,0.489323474535277,0.359957582184518,0.232463663446782,0.131249616587939,0.104147141518276,0.20765407554672,0
0.521984003029012,0.366925938451133,0.515582889917767,0.36627783669141,0.428545635099756,0.335930311023864,0.274133083411434,0.385785288270378,1
0.259311846277628,0.105512343591478,0.242139451316426,0.141590668080594,0.190394511149228,0.0645665910066867,0.0168064667291471,0.0571073558648111,0
0.292441667849875,0.366249577274264,0.278280699329694,0.167635206786851,0.187054256567663,0.102355683700386,0.042174320524836,0.0624254473161034,0
0.37337308911922,0.355089617855935,0.361619791306751,0.227953340402969,0.390358400288887,0.196521685786148,0.159887535145267,0.246073558648111,0
0.268304226418666,0.286100777815353,0.26881348904706,0.145111346765642,0.496253498239596,0.349733145205816,0.187839737582006,0.252186878727634,0
0.259785129442946,0.25701724721001,0.253334254716329,0.142778366914104,0.330865757876681,0.174590515919269,0.0845595126522962,0.117743538767396,0
0.544701594964267,0.264119039567129,0.535622970078087,0.392152704135737,0.438476121693599,0.344518741181523,0.349343955014058,0.456411530815109,1
0.644091059681007,0.38992221846466,0.649644115817843,0.499045599151644,0.504378441816376,0.444819336237041,0.512652296157451,0.557157057654076,1
0.381418902929623,0.237740953669259,0.37965586345104,0.231558854718982,0.41708043694141,0.35893503466045,0.180904404873477,0.305268389662028,0
0.32367835676085,0.499830909705783,0.335429479648953,0.191898197242842,0.573891847973278,0.45616833323109,0.317947516401125,0.335934393638171,1
0.26309811160017,0.223537368955022,0.25886255269159,0.141166489925769,0.570280761939153,0.273357462732348,0.138894095595127,0.162972166998012,0
0.76241185101046,0.342238755495434,0.748462442125631,0.652598091198303,0.368240498329873,0.331636095945034,0.392689784442362,0.498508946322068,1
0.108239859908183,0.106865065945215,0.122313592702647,0.0446235418875928,1,0.627323477087295,0.227975632614808,0.2610337972167,0
0.12754981305315,0.115995941832939,0.140487872296317,0.0547189819724284,0.657849598266679,0.616587939390221,0.278350515463918,0.349801192842942,0
0.247953050310001,0.349340547852553,0.246562089696635,0.131325556733828,0.514308928410219,0.293908349181032,0.191541705716963,0.10765407554672,0
0.193052203133135,0.25059181602976,0.189758828000829,0.0945917285259809,0.602780536246276,0.269063247653518,0.0951968134957826,0.212127236580517,0
0.441052581759667,0.2025701724721,0.420910787091424,0.286871686108165,0.375914056152388,0.146432734188087,0.129475164011246,0.226789264413519,0
0.401296795872971,0.481569157930335,0.414691451869256,0.249331919406151,0.592850049652433,0.514140236795289,0.475632614807873,0.423459244532803,1
0.225235458374746,0.168413933040243,0.224725312694354,0.11983032873807,0.256025999819446,0.236887307527146,0.15759137769447,0.131163021868787,0
0.370533390127313,0.168752113628678,0.3515306475019,0.227868504772004,0.289699377087659,0.0944113858045519,0.080037488284911,0.126292246520875,0
0.303800463817502,0.365573216097396,0.309930205238062,0.175270413573701,0.523336643495531,0.391141647751672,0.338566073102156,0.406163021868787,1
0.359647877325004,0.133581332431518,0.348973809688342,0.218579003181336,0.412476302247901,0.2140972946445,0.192642924086223,0.216153081510934,0
0.381892186094941,0.316537030774434,0.369497615921498,0.236861081654295,0.356775300171527,0.204251272928041,0.175398313027179,0.215457256461233,1
0.206304131762033,0.300980723706459,0.200193490429134,0.105068928950159,0.471878667509253,0.201245322372861,0.100796626054358,0.128926441351889,0
0.536182497988547,0.367602299628001,0.532167783843549,0.385365853658537,0.489031326171346,0.323354395435863,0.367619493908154,0.469731610337972,1
0.610961238108761,0.356780520798106,0.599198396793587,0.454082714740191,0.461045409406879,0.342371633642108,0.330599812558575,0.468737574552684,1
0.279189739220976,0.287791680757524,0.280975744592634,0.148292682926829,0.624447052451025,0.450033740261334,0.11305060918463,0.263568588469185,0
0.273037058071844,0.236388231315522,0.267569622002626,0.148589607635207,0.540489302157624,0.283172811483958,0.0909090909090909,0.148856858846918,0
0.109517724454541,0.14169766655394,0.11174072282496,0.0484835630965005,0.762571093256297,0.316299613520643,0.0780693533270853,0.120328031809145,0
0.835297458469402,0.402096719648292,0.84106143321125,0.720042417815483,0.454726008847161,0.586528433838415,0.541237113402062,0.731113320079523,1
0.202517866439491,0.342238755495434,0.190104346624283,0.103753976670201,0.293220185970931,0.0759155880007362,0.0118720712277413,0.0281510934393638,0
0.318472241942354,0.303347987825499,0.310552138760279,0.181336161187699,0.420059582919563,0.26875651800503,0.126171508903468,0.188021868787276,0
0.135642955180084,0.201893811295232,0.132748255130952,0.0634994697773065,0.381782070957841,0.198791485184958,0.0545923149015933,0.120079522862823,0
0.0752520232855317,0.114643219479202,0.0742174003178771,0.0330010604453871,0.460142637898348,0.174651861848966,0.0600984067478913,0.0750497017892644,0
0.306640162809409,0.305715251944538,0.301637758275171,0.172895015906681,0.495350726731064,0.289614134102202,0.0984301780693533,0.156660039761431,0
0.253632448293814,0.0865742306391613,0.242899592288024,0.137857900318134,0.337636544190665,0.13401018342433,0.0693064667291471,0.131560636182903,0
0.329357754744664,0.117010483598241,0.321470527261419,0.191177094379639,0.65153019770696,0.239770566222931,0.236644798500469,0.328777335984095,0
0.240853802830233,0.126141359485965,0.23522907884735,0.127974549310711,0.517920014444344,0.21688853444574,0.0885895032802249,0.139065606361829,0
0.225708741540063,0.265471761920866,0.221822956257342,0.118515376458112,0.493545183714002,0.238482301699282,0.123758200562324,0.220675944333996,0
0.221922476217521,0.348664186675685,0.21712390297837,0.115673382820785,0.442087207727724,0.230507330838599,0.098406747891284,0.10720675944334,0
0.317052392446401,0.223875549543456,0.303849077465275,0.183244962884411,0.36237248352442,0.163088154100975,0.041049671977507,0.0934393638170974,0
0.638411661697193,0.370645924923909,0.628221961163707,0.490137857900318,0.351448948271193,0.343291822587571,0.356841611996251,0.504473161033797,1
0.188319371479957,0.267500845451471,0.186580056665054,0.0942099681866384,0.399386115374199,0.239678547328385,0.123313027179007,0.138568588469185,0
0.642197927019736,0.37707135610416,0.649644115817843,0.493955461293743,0.46917035298366,0.473958652843384,0.488519212746017,0.657057654075547,1
0.344976099200151,0.434223875549543,0.345380416004423,0.20627783669141,0.46194818091541,0.294521808478007,0.342783505154639,0.305119284294235,1
0.222869042548157,0.498140006763612,0.225139935042499,0.111516436903499,0.640696939604586,0.416600208576161,0.10578725398313,0.225198807157058,0
0.0354015807657722,0.533648968549205,0.0289544606454288,0.0149734888653234,0.255935722668593,0.0901785166554199,0,0,0
0.0336031047375645,0.531958065607034,0.0314421947342962,0.0114103923647932,0.30739369865487,0.30832464265996,0.216776007497657,0.06779324055666,0
0.215769795068389,0.159959418329388,0.213254094395688,0.110031813361612,0.426198429177575,0.284093000429422,0.157849109653233,0.128926441351889,0
0.354441762506508,0.516739939127494,0.359477575841338,0.217560975609756,0.322650537149048,0.317833261763082,0.236410496719775,0.193339960238569,0
0.367220407970089,0.531281704430166,0.351807062400663,0.222735949098621,0.271914778369595,0.161830562542175,0.0961808809746954,0.15044731610338,0
0.294808083676464,0.620561379776801,0.283947204754336,0.167507953340403,0.30766453010743,0.151493773388136,0.0699859418931584,0.162773359840954,0
0.326044772587439,0.371660466689212,0.317738926128118,0.187189819724284,0.389545905931209,0.252806576283664,0.0864104967197751,0.117743538767396,0
0.314212693454494,0.457220155563071,0.299910165157902,0.182269353128314,0.359573891847973,0.147506287957794,0.0696813495782568,0.121421471172962,0
0.158029248899617,0.224551910720325,0.148711215534517,0.0769459172852598,0.37654599620836,0.0937365805778787,0.0237113402061856,0.0273111332007952,0
0.15518954990771,0.232330064254312,0.152442816667818,0.0752067868504772,0.326261623183172,0.187963928593338,0.102108716026242,0.12117296222664,0
0.127881111268872,0.325667906662158,0.119273028816253,0.0603181336161188,0.291414642953868,0.0948408073124348,0.0547563261480787,0.0477882703777336,0
0.181693407165507,0.490361853229625,0.17345034897381,0.0925132555673383,0.264421774848786,0.143058708054721,0.036269915651359,0.0405566600397614,0
0.183586539826778,0.398038552587081,0.170824407435561,0.0920466595970307,0.195720863049562,0.0702104165388626,0,0,0
0.196365185290359,0.430503889076767,0.191417317393407,0.0996394485683987,0.388462580120971,0.191890068093982,0.11302717900656,0.112176938369781,0
0.27398362440248,0.666892120392289,0.259553589938498,0.15457051961824,0.272005055520448,0.0704251272928041,0.0467900656044986,0.0745029821073559,0
0.111316200482749,0.413594859655056,0.105175868979338,0.0511134676564157,0.359032228942855,0.112477762100485,0.0936269915651359,0.0637176938369781,0
0.279189739220976,0.649644910382144,0.267500518277935,0.15728525980912,0.258192651439921,0.119195141402368,0.145149953139644,0.116451292246521,0
0.156609399403663,0.605343253297261,0.151198949623385,0.0754612937433722,0.3400740272637,0.175449358935035,0.140557638238051,0.136083499005964,0
0.150456718254532,0.334122421373013,0.144703199502453,0.0713467656415695,0.430351178116819,0.170725722348322,0.01177366447985,0.0554671968190855,0
0.115575748970609,0.614474129184985,0.106903462096607,0.0542099681866384,0.258192651439921,0.0930311023863567,0,0,0
0.360121160490321,0.438620223199188,0.363485591873402,0.217857900318134,0.289789654238512,0.348506226611864,0.241096532333646,0.185685884691849,0
0.214349945572436,0.480892796753466,0.212355745974708,0.110286320254507,0.36092804911077,0.253726765229127,0.260543580131209,0.204025844930418,0
0.33456386956316,0.589786946229286,0.328864625803331,0.193806998939555,0.421233185880654,0.285933378320348,0.104545454545455,0.213916500994036,0
0.199678167447584,0.664863036861684,0.185750811968765,0.102863202545069,0.197345851764918,0.0496902030550273,0,0,0
0.389937999905343,0.707135610415962,0.411927302881625,0.24322375397667,0.470975896000722,0.580700570517146,0.59746954076851,0.468638170974155,1
0.659709404136495,0.520121745011836,0.685578052657038,0.510498409331919,0.517017242935813,0.626403288141832,0.743673851921275,0.732604373757455,1
0.689999526716835,0.428812986134596,0.678667680187962,0.566489925768823,0.526947729529656,0.296055456720447,0.571462043111528,0.690357852882704,1
0.622320034076388,0.626986810957051,0.60403565752194,0.474019088016967,0.407781890403539,0.257714250659469,0.337394564198688,0.486630218687873,1
0.455251076719201,0.621237740953669,0.445788127980098,0.303117709437964,0.288164665523156,0.254340224526103,0.216752577319588,0.26351888667992,1
0.644564342846325,0.663510314507947,0.665537972496718,0.475715800636267,0.588336192109777,0.790196920434329,0.823336457357076,0.755467196819085,1
0.0368687585782574,0.501521812647954,0.0285398382972842,0.0159066808059385,0,0.0743512667934483,0,0,0
